{
  "title": "Basketball-Camps",
  "subtitle": "Feriencamps für Kinder zwischen 6–11 Jahren – auch ohne Vereinsmitgliedschaft.",
  "blocks": [
    {
      "heading": "2-Tages-Camps (Kosten: Mitmachpreis: 30€ / Fairer Preis 60€ / Solidaritätspreis 90€",
      "text": "Nächstes Camp: Zeugniscamp: 02.-03.02.2025"
    },
    {
      "heading": "3-Tages-Camps (Kosten: Mitmachpreis: 40€ / Fairer Preis 80€ / Solidaritätspreis 120€",
      "text": "Nächstes Camp: Weihnachtscamp: 29.12.-31.12.2025"
    },
    {
      "heading": "5-Tages-Camps (Kosten: Mitmachpreis: 60€ / Fairer Preis 120€ / Solidaritätspreis 180€",
      "text": "Nächstes Camp: Ostercamp: 23.-27.03.2026"
    },
    {
      "heading": "Übernachtungscamps",
      "text": "Nächstes Camp: 23./24.01.2026"
    }
  ]
}
