{
  "title": "Idee & Konzept",
  "subtitle": "Wir schaffen Teilhabe durch Basketball – an Schulen, im Stadtteil, für alle.",
  "blocks": [
    {
      "heading": "Warum Verein[t]?",
      "text": "Wir verbinden Schule, Verein und Stadtteil.\nKinder und Familien bekommen einen einfachen Zugang zu Sport und Gemeinschaft."
    },
    {
      "heading": "Ziele",
      "text": "• 300–500 Kinder pro Jahr erreichen\n• Niedrigschwellige Angebote\n• Mehrsprachige Kommunikation"
    },
    {
      "heading": "Bausteine",
      "text": "Training, Ligaformate, Feriencamps, Elternarbeit, soziale Zukunftsbausteine."
    }
  ]
}