{
  "title": "Liga & Training",
  "subtitle": "Spielbetrieb im Stadtteil – niedrigschwellig, fair, inklusiv.",
  "blocks": [
    {
      "heading": "Modus",
      "text": "Spielrunden in Gruppen, jeder gegen jeden. Punktewertung: Sieg=3, Unentschieden=2, Niederlage=1."
    },
    {
      "heading": "Training",
      "text": "Regelmäßige Trainingszeiten nach Schule/Gruppe. Ort und Zeiten folgen."
    },
    {
      "heading": "Termine",
      "text": "Der nächste Spieltag findet am 09.11.2025 statt. Spielort: Tegelkamp 32, Oldenburg-Eversten"
    }
  ]
}
