{
  "title": "Partner & Förderer",
  "subtitle": "Gemeinsam möglich machen – Danke an alle Unterstützer:innen.",
  "blocks": [
    {
      "heading": "Partnerschulen",
      "text": "Kooperationen mit Grundschulen im Stadtteil."
    },
    {
      "heading": "Vereine & Träger",
      "text": "TuS Eversten e.V. als Träger, Netzwerkpartner:innen willkommen."
    },
    {
      "heading": "Förderer",
      "text": "Stiftungen, Wirtschaft, Privatpersonen – Transparenz ist uns wichtig."
    }
  ]
}